product,name,description,availability,sku,price,collection,keshi,metal,type
baroque-strand,Baroque Strand,"Paspaley 44.5cm choker length strand featuring 28, 13-16mm baroque pearls. Identified by the Paspaley Strand Signature, a brilliant cut diamond set seamlessly in the end pearl.",Out of stock,SCPQ1316001,49800,Strand,FALSE,Other,Necklace
gold-keshi-rhapsody,Gold Keshi Rhapsody,"Paspaley 240cm length Rhapsody strand featuring 275, 6-9mm multi coloured keshi baroque pearls. Identified by the Paspaley Strand Signature, a brilliant cut diamond set seamlessly in the end pearl.",Out of stock,SUKQ0609005,78800,Other,TRUE,Other,Necklace
keshi-rope-strand-of-the-harvest,Keshi Rope Strand of The Harvest,"Paspaley Rope Pearl Strand necklace featuring 110, 8-10mm Australian Keshi South Sea Baroque pearls, and 1 yellow diamond. Identified by the Paspaley Strand Signature, a brilliant cut diamond set seamlessly in the end pearl.",Out of stock,SRKQ0810001,42800,Strand,TRUE,Other,Necklace
pearl-accessories-black-spinel-cascade-white-gold,Black Spinel Cascade - White Gold,"Paspaley 12 strand necklace in 18kt white gold, with black spinels. Length 43cm. Pearl sold separately.",In stock,C00N10W43,4290,Other,FALSE,White gold,Accessory
pearl-accessories-chalif-cascade-chain-yellow-gold,Chalif Cascade Chain - Yellow Gold,"Paspaley chain with 18kt yellow gold key ends. Length 42cm, width 2.7mm. Pearl sold separately.",In stock,C00C80Y2742,2460,Other,FALSE,Yellow gold,Accessory
pearl-accessories-fine-key-end-nitrile-white-gold,Fine Key End Nitrile - White Gold,"Paspaley nitrile cord featuring 18kt white gold key ends, width 3mm. Pearl sold separately.",In stock,DC00C50W30,390,Other,FALSE,White gold,Accessory
pearl-accessories-fine-key-end-nitrile-yellow-gold,Fine Key End Nitrile - Yellow Gold,"Paspaley nitrile cord featuring 18kt yellow gold key ends, width 3mm. Pearl sold separately.",In stock,DC00C50Y30,390,Other,FALSE,Yellow gold,Accessory
pearl-accessories-fine-mirror-trace-chain-rose-gold,Fine Mirror Trace Chain - Rose Gold,"Paspaley chain in 18kt rose gold, with 6 white diamonds on clasp (0.03ct), chain width 1.6mm.",In stock,DC00C00R16,740,Other,FALSE,Rose gold,Accessory
pearl-accessories-fine-mirror-trace-chain-white-gold,Fine Mirror Trace Chain - White Gold,"Paspaley chain in 18kt white gold, with 6 white diamonds on clasp (0.03ct), width 1.6mm.",In stock,DC00C00W16,650,Other,FALSE,White gold,Accessory
pearl-accessories-fine-mirror-trace-chain-yellow-gold,Fine Mirror Trace Chain - Yellow Gold,"Paspaley chain in 18kt yellow gold, with 6 white diamonds on clasp (0.03ct), width 1.6mm.",In stock,DC00C00Y16,650,Other,FALSE,Yellow gold,Accessory
pearl-accessories-key-end-nitrile-yellow-gold,Key End Nitrile - Yellow Gold,"Paspaley nitrile cord featuring 18kt yellow gold key ends, width 5mm. Pearl sold separately.",In stock,DC00C50Y50,430,Other,FALSE,Yellow gold,Accessory
pearl-accessories-long-trace-chain-white-gold,Long Trace Chain - White Gold,"Paspaley chain in 18kt white gold, with 6 white diamonds on clasp (0.03ct). Length 80cm, width 1.5mm.",In stock,C12C01W1580,1290,Other,FALSE,White gold,Accessory
pearl-accessories-nitrile-bayonet-clasp-white-gold,Nitrile Bayonet Clasp - White Gold,"Paspaley nitrile cord featuring 18kt white gold bayonet clasp, width 3mm. Pendant sold separately.",In stock,DC00C55W30,390,Other,FALSE,White gold,Accessory
pearl-accessories-nitrile-bayonet-clasp-yellow-gold,Nitrile Bayonet Clasp - Yellow Gold,"Paspaley nitrile cord featuring 18kt yellow gold bayonet clasp, width 3mm. Pendant sold separately.",In stock,DC00C55Y30,390,Other,FALSE,Yellow gold,Accessory
pearl-accessories-omega-chain-white-gold,Omega Chain - White Gold,"Paspaley chain in 18kt white gold, width 1.5mm.",In stock,DC00C70W15,1210,Other,FALSE,White gold,Accessory
pearl-accessories-omega-chain-yellow-gold,Omega Chain - Yellow Gold,"Paspaley chain in 18kt yellow gold, width 1.5mm. Pendant sold separately.",In stock,DC00C70Y15,1160,Other,FALSE,Yellow gold,Accessory
pearl-accessories-paspaley-mother-of-pearl-shell,Paspaley Mother-of-Pearl shell,Paspaley Australian South Sea Mother of Pearl Shell.,In stock,C00A01,100,Other,FALSE,Other,Accessory
pearl-accessories-pearl-cufflinks-white-gold,Pearl Cufflinks - White Gold,"Paspaley cufflinks featuring two, 11-12mm baroque keshi pearls set in 18kt white gold.",In stock,C00A01WKB12,3280,Other,TRUE,White gold,Accessory
pearl-bracelets-kimberley-bracelet-button-pearl,Kimberley Bracelet - Button Pearl,Paspaley bracelet featuring a 12-13mm button pearl and sandalwood.,In stock,CSRB01SPB12,1480,Kimberley,FALSE,Other,Bracelet
pearl-bracelets-kimberley-bracelet-circle-pearl,Kimberley Bracelet - Circlé Pearl,"Paspaley bracelet featuring a 12-13mm circle pearl, with sandalwood.",In stock,CSRB01SPC13,980,Kimberley,FALSE,Other,Bracelet
pearl-bracelets-kimberley-bracelet-petite-circle-pearl,Kimberley Bracelet - Petite Circlé Pearl,"Paspaley bracelet featuring a 10-11mm circle pearl, with sandalwood.",In stock,CSRB01SPC11,680,Kimberley,FALSE,Other,Bracelet
pearl-bracelets-kimberley-bracelet-petite-triangle-pearl,Kimberley Bracelet - Petite Triangle pearl,"Paspaley bracelet featuring a 10-11mm triangle pearl, with sandalwood.",In stock,CSRB01SPT11,1280,Kimberley,FALSE,Other,Bracelet
pearl-bracelets-kimberley-onyx-bracelet-circle-pearl,Kimberley Onyx Bracelet - Circlé Pearl,"Paspaley bracelet featuring two, 12mm circle pearls, with onyx and sandalwood beads.",In stock,CSRB02XPC12,1680,Kimberley,FALSE,Other,Bracelet
pearl-bracelets-kimberley-onyx-bracelet-round-pearl,Kimberley Onyx Bracelet - Round Pearl,"Paspaley bracelet featuring two, 12mm round pearls, with onyx and sandalwood beads.",In stock,CSRB02XPR12,5980,Kimberley,FALSE,Other,Bracelet
pearl-bracelets-maxima-bracelet-yellow-gold,Maxima Bracelet - Yellow Gold,Paspaley bracelet featuring mother-of-pearl set in 18kt yellow gold with 18 white diamonds (0.30ct).,In stock,W15B02Y,5480,Maxima,FALSE,Yellow gold,Bracelet
pearl-bracelets-maxima-chain-bracelet-yellow-gold,Maxima Chain Bracelet - Yellow Gold,"Paspaley bracelet featuring mother-of-pearl set in 18kt yellow gold, with two white diamonds (0.04ct).",In stock,W15B01Y,2680,Maxima,FALSE,Yellow gold,Bracelet
pearl-bracelets-maxima-diamond-bracelet-white-gold,Maxima Diamond Bracelet - White Gold,Paspaley bracelet featuring mother-of-pearl set in 18kt white gold with 314 white diamonds (2.10ct).,In stock,W15B04W,16800,Maxima,FALSE,White gold,Bracelet
pearl-bracelets-maxima-diamond-bracelet-yellow-gold,Maxima Diamond Bracelet - Yellow Gold,"Paspaley mother-of-pearl bracelet set in 18kt yellow gold, with 387 white diamonds (1.90ct).",In stock,W17B03Y,14800,Maxima,FALSE,Yellow gold,Bracelet
pearl-bracelets-monsoon-wildflower-cuff-yellow-gold,Monsoon Wildflower Cuff - Yellow Gold,"Paspaley Monsoon Unique Bracelet in 750 Yellow Gold with 71, 5-12mm Keshi Baroque Australian South Sea Pearls, 95 White Diamonds (3.25ct) and 456 Yellow Diamonds (8.01ct)",Out of stock,Y18B07YKQ12,218000,Monsoon,TRUE,Yellow gold,Bracelet
pearl-bracelets-odyssey-pod-bracelet-yellow-gold,Odyssey Pod Bracelet - Yellow Gold,"Paspaley bracelet featuring three, 11mm oval/drop pearls set in 18kt yellow gold, with 72 white diamonds (0.17ct).",In stock,S12B04YPO11,7280,Other,FALSE,Yellow gold,Bracelet
pearl-bracelets-paradis-bracelet-white-gold,Paradis Bracelet - White Gold,"Paspaley bracelet featuring three, 10mm round pearls set in 18kt white gold, with 33 white diamonds (0.34ct).",Out of stock,J07B01WPR10,7480,Other,FALSE,White gold,Bracelet
pearl-bracelets-paradis-bracelet-yellow-gold,Paradis Bracelet - Yellow Gold,"Paspaley bracelet featuring three, 10mm round pearls set in 18kt yellow gold, with 33 white diamonds (0.34ct).",In stock,J07B01YPR10,7480,Other,FALSE,Yellow gold,Bracelet
pearl-bracelets-rockpool-tanzanite-bracelet-platinum,Rockpool Tanzanite Bracelet - Platinum,"Paspaley Australian South Sea pearl  bracelet in platinum with 28, 4- 8mm Keshi Baroque pearls, four tanzanites (15.46ct), 602 white diamonds (6.83ct) and 50 amethysts (1.20ct).",Out of stock,X17B12PKQ08,128000,Rockpool,TRUE,Platinum,Bracelet
pearl-bracelets-touchstone-black-diamond-bracelet-white-gold,Touchstone Black Diamond Bracelet - White Gold,"Paspaley bracelet featuring five, 11mm oval pearls set in 18kt white gold, with 100 black diamonds (0.80ct) and 12 white diamonds (0.03ct).",In stock,V16B02WPO11,9680,Touchstone,FALSE,White gold,Bracelet
pearl-bracelets-touchstone-ruby-bracelet-yellow-gold,Touchstone Ruby Bracelet - Yellow Gold,"Paspaley bracelet featuring five, 12mm button pearls set in 18kt yellow gold, with 100 rubies (1.00ct) and 12 white diamonds (0.02ct).",In stock,V14B02YPB12,7280,Touchstone,FALSE,Yellow gold,Bracelet
pearl-clasps-maxima-clasp-white-gold,Maxima Clasp - White Gold,"Paspaley clasp featuring mother-of-pearl set in 18kt white gold, with 102 white diamonds (0.75ct).",In stock,W15L02W,6980,Maxima,FALSE,White gold,Clasp
pearl-clasps-maxima-clasp-yellow-gold,Maxima Clasp - Yellow Gold,Paspaley clasp featuring mother-of-pearl set in 18kt yellow gold with 24 white diamonds (0.36ct).,In stock,W15L01Y,4680,Maxima,FALSE,Yellow gold,Clasp
pearl-clasps-monsoon-budding-flower-clasp-white-gold,Monsoon Budding Flower Clasp - White Gold,Paspaley Monsoon clasp set in 18kt white gold with 66 white diamonds (0.44ct) and 162 tsavorites (2.61ct).,In stock,Y18L06W,14800,Monsoon,FALSE,White gold,Clasp
pearl-clasps-monsoon-budding-flower-clasp-yellow-gold,Monsoon Budding Flower Clasp - Yellow Gold,Paspaley Monsoon clasp set in 18kt yellow gold with 66 white diamonds and 164 yellow diamonds (2.95ct).,Out of stock,Y18L07Y,32800,Monsoon,FALSE,Yellow gold,Clasp
pearl-clasps-rockpool-mother-of-pearl-clasp-white-gold,Rockpool Mother-of-Pearl Clasp - White Gold,Paspaley clasp featuring mother-of-pearl set in 18kt white gold with 218 white diamonds (1.34ct). Bracelet sold separately.,In stock,X17L11W,11800,Rockpool,FALSE,White gold,Clasp
pearl-clasps-rockpool-mother-of-pearl-clasp-yellow-gold,Rockpool Mother-of-Pearl Clasp - Yellow Gold,Paspaley clasp featuring mother-of-pearl set in 18kt yellow gold with 218 white diamonds (1.34ct). Bracelet sold separately.,In stock,X17L11Y,11800,Rockpool,FALSE,Yellow gold,Clasp
pearl-clasps-rockpool-pave-clasp-white-gold,Rockpool Pave Clasp - White Gold,Paspaley clasp featuring 504 white diamonds (2.82ct) set in 18kt white gold.,In stock,X17L10W,22800,Rockpool,FALSE,White gold,Clasp
pearl-clasps-rockpool-pave-clasp-yellow-gold,Rockpool Pave Clasp - Yellow Gold,Paspaley clasp featuring 504 white diamonds (2.82ct) set in 18kt yellow gold.,In stock,X17L10Y,22800,Rockpool,FALSE,Yellow gold,Clasp
pearl-clasps-touchstone-black-diamond-clasp-white-gold,Touchstone Black Diamond Clasp - White Gold,"Paspaley clasp featuring 120 black diamonds (2.40ct) set in 18kt white gold, with 14 white diamonds (0.04ct).",In stock,V16L04W,8680,Touchstone,FALSE,White gold,Clasp
pearl-earrings-button-pearl-studs-11mm,Button Pearl Studs - 11mm,"Paspaley stud earrings featuring two, 11mm button pearls set in 18kt yellow gold.",In stock,C00E41YPB11,2580,Other,FALSE,Yellow gold,Earrings
pearl-earrings-dew-drop-earrings-platinum,Dew Drop Earrings - Platinum,"Paspaley earrings featuring two, 11mm round pearls set in 950 platinum, with four white diamonds (0.40ct).",In stock,K08E08PPR11,6980,Other,FALSE,Platinum,Earrings
pearl-earrings-dew-drop-earrings-yellow-gold,Dew Drop Earrings - Yellow Gold,"Paspaley earrings feturing two, 11mm round pearls set in 18kt yellow gold with four white diamonds (0.40ct).",In stock,K08E08YPR11,6880,Other,FALSE,Yellow gold,Earrings
pearl-earrings-diamond-shepherd-hook-earrings-13mm-round-yellow-gold,Diamond Shepherd Hook Earrings 13mm Round - Yellow Gold,"Paspaley Shepherd Hook earrings featuring two 13mm round pearls set in 18kt yellow gold, with 40 white diamonds (0.21ct).",In stock,C18E43YPR13,9180,Other,FALSE,Yellow gold,Earrings
pearl-earrings-diamond-shepherd-hook-earrings-round-white-gold,Diamond Shepherd Hook Earrings Round - White Gold,"Paspaley Shepherd Hook earrings featuring two 10mm round pearls set in 18kt white gold, with 40 white diamonds (0.21ct).",In stock,C18E43WPR10,5480,Other,FALSE,White gold,Earrings
pearl-earrings-diamond-shepherd-hook-earrings-round-yellow-gold,Diamond Shepherd Hook Earrings Round - Yellow Gold,"Paspaley Shepherd Hook earrings featuring two 10mm round pearls set in 18kt yellow gold, with 40 white diamonds (0.21ct).",In stock,C18E43YPR10,5480,Other,FALSE,Yellow gold,Earrings
pearl-earrings-diamond-touchstone-earrings-12mm-oval-yellow-gold,Diamond Touchstone Earrings 12mm Oval  - Yellow Gold,"Paspaley earrings featuring two, 12mm oval pearls set in 18kt yellow gold, with 70 white diamonds (0.83ct)",In stock,DC16E10YPO12,8960,Touchstone,FALSE,Yellow gold,Earrings
pearl-earrings-diamond-touchstone-earrings-14mm-baroque-white-gold,Diamond Touchstone Earrings 14mm Baroque  - White Gold,"Paspaley earrings featuring two, 14mm baroque pearls set in 18kt white gold with, 60 white diamonds (0.93ct)",In stock,DC16E10WPQ14,9960,Touchstone,FALSE,White gold,Earrings
pearl-earrings-dolce-earrings-white-gold,Dolce Earrings - White Gold,"Paspaley earrings featuring two, 13mm round pearls set in 18kt white gold.",In stock,G06E09WPR13,6280,Other,FALSE,White gold,Earrings
pearl-earrings-grace-earrings-white-gold,Grace Earrings - White Gold,"Paspaley shepherd hook earrings featuring two, 11mm round pearls set in 18kt white gold, with two white diamonds (0.20ct).",In stock,C00E44WPR11,5980,Other,FALSE,White gold,Earrings
pearl-earrings-grace-earrings-yellow-gold,Grace Earrings - Yellow Gold,"Paspaley shepherd hook earrings featuring two, 11mm round pearls set in 18kt yellow gold, with two white diamonds (0.20ct).",In stock,C00E44YPR11,5980,Other,FALSE,Yellow gold,Earrings
pearl-earrings-keshi-pearl-studs-7mm,Keshi Pearl Studs - 7mm,"Paspaley stud earrings featuring two, 7mm baroque keshi pearls set in 18kt yellow gold.",In stock,C00E40YKQ07,980,Other,TRUE,Yellow gold,Earrings
pearl-earrings-keshi-pearl-studs-9mm,Keshi Pearl Studs - 9mm,"Paspaley stud earrings featuring two, 9mm baroque keshi pearls set in 18kt yellow gold.",In stock,C00E40YKQ09,1680,Other,TRUE,Yellow gold,Earrings
pearl-earrings-lavalier-earrings-circle-white-gold,Lavalier Earrings Circlé - White Gold,Paspaley earrings featuring two loose 12mm circlé pearls in 18kt white gold.,In stock,DH14E20WC,5260,Lavalier,FALSE,White gold,Earrings
pearl-earrings-lavalier-earrings-circle-yellow-gold,Lavalier Earrings Circlé - Yellow Gold,Paspaley earrings featuring two loose 12mm circlé pearls in 18kt yellow gold.,In stock,DH14E20YC,5260,Lavalier,FALSE,Yellow gold,Earrings
pearl-earrings-lavalier-opal-hero-earrings-rose-gold,Lavalier Opal Hero Earrings - Rose Gold,"Paspaley Lavalier earrings featuring two round pearls and combining beautiful rose gold, opals and white diamonds, complete with a rare Papsaley keshi pearl.",In stock,DH15E30RPR,14760,Lavalier,TRUE,Rose gold,Earrings
pearl-earrings-maxima-black-studs-white-gold,Maxima Black Studs - White Gold,"Paspaley studs featuring black mother-of-pearl set in 18kt white gold, with 68 white diamonds (0.15ct).",Out of stock,W17E01W,2680,Maxima,FALSE,White gold,Earrings
pearl-earrings-maxima-irukandji-earrings-white-gold,Maxima Irukandji Earrings - White Gold,Paspaley earrings featuring mother-of-pearl set in 18kt white gold with 16 white diamonds (0.07ct).,In stock,W15E04W,2280,Maxima,FALSE,White gold,Earrings
pearl-earrings-maxima-pearl-earrings-white-gold,Maxima Pearl Earrings - White Gold,"Paspaley earrings featuring two, 12mm round pearls set in 18kt white gold, with mother-of-pearl and 66 white diamonds (0.40ct).",In stock,W15E05WPR12,9980,Maxima,FALSE,White gold,Earrings
pearl-earrings-maxima-pearls-my-way-earrings-yellow-gold,Maxima Pearls My Way Earrings - Yellow Gold,"Paspaley earrings featuring two 13mm round pearls set in 18kt yellow gold, with mother-of-pearl and 88 white diamonds (0.35ct).",In stock,DW17E03YPR13,10660,Maxima,FALSE,Yellow gold,Earrings
pearl-earrings-maxima-pearls-my-way-rose-gold,Maxima Pearls My Way – Rose Gold,"Paspaley earrings featuring two, 13mm round pearls, with two Australian opals and 14 white diamonds (0.10ct), set in 18kt rose gold.",In stock,DW18E05RPR13,12660,Maxima,FALSE,Rose gold,Earrings
pearl-earrings-maxima-stud-earrings-yellow-gold,Maxima Stud Earrings - Yellow Gold,Paspaley earrings featuring mother-of-pearl set in 18kt yellow gold.,In stock,W15E01Y,980,Maxima,FALSE,Yellow gold,Earrings
pearl-earrings-maxima-studs-rose-gold,Maxima Studs – Rose Gold,"Paspaley earrings with two Australian opals (1.30ct) and 14 white diamonds (0.07ct), set in 18kt rose gold.",In stock,W18E06R,3980,Maxima,FALSE,Rose gold,Earrings
pearl-earrings-monsoon-budding-flower-earrings-white-gold,Monsoon Budding Flower Earrings - White Gold,"Paspaley Monsoon earrings featuring 2, 10mm oval drop Australian South Sea pearls set in 18kt white gold, with 64 white diamonds (0.44ct) and 396 tsavorites (4.92ct).",Out of stock,Y18E06WPD10,26800,Monsoon,FALSE,White gold,Earrings
pearl-earrings-monsoon-budding-flower-earrings-yellow-gold,Monsoon Budding Flower Earrings - Yellow Gold,"Paspaley Monsoon earrings featuring 2, 10mm oval drop Australian South Sea pearls set in 18kt yellow gold, with 393 yellow diamonds and 64 white diamonds (5.36ct).",Out of stock,Y18E07YPD10,48800,Monsoon,FALSE,Yellow gold,Earrings
pearl-earrings-monsoon-chandelier-earrings-white-gold,Monsoon Chandelier Earrings - White Gold,"Paspaley Monsoon Earrings in 750 White Gold with 4, 10mm Round, 2, 10mm Oval Australian South Sea Pearls and 308 White Diamonds (3.03ct)",Out of stock,Y18E02WPR10,32800,Monsoon,FALSE,White gold,Earrings
pearl-earrings-monsoon-chandelier-earrings-yellow-gold,Monsoon Chandelier Earrings - Yellow Gold,"Paspaley Monsoon Earrings in 750 Yellow Gold with 4, 10mm Round, 2, 10mm Oval Australian South Sea Pearls and 308 White Diamonds (3.03ct).",Out of stock,Y18E02YPR10,32800,Monsoon,FALSE,Yellow gold,Earrings
pearl-earrings-monsoon-cicada-earrings-white-gold,Monsoon Cicada Earrings - White Gold,"Paspaley Monsoon earrings featuring 2, 13mm oval drop Australian South Sea pearls set in 18kt white gold, with 4 emeralds and 574 white diamonds (3.25ct).",Out of stock,Y18E30WPD13,32800,Monsoon,FALSE,White gold,Earrings
pearl-earrings-monsoon-cicada-earrings-yellow-gold,Monsoon Cicada Earrings - Yellow Gold,"Paspaley Monsoon earrings featuring 2, 13mm oval drop Australian South Sea pearls set in 18kt yellow gold, with 4 emeralds and 574 white diamonds (3.25ct).",Out of stock,Y18E30YPD13,32800,Monsoon,FALSE,Yellow gold,Earrings
pearl-earrings-monsoon-double-petal-earrings-white-gold,Monsoon Double Petal Earrings - White Gold,"Paspaley Monsoon earrings featuring 4, 8-9mm keshi baroque Australian South Sea pearls set in 18kt white gold, with 247 white diamonds (1.71ct).",In stock,DY18E03WKQ09,22780,Monsoon,TRUE,White gold,Earrings
pearl-earrings-monsoon-double-petal-earrings-yellow-gold,Monsoon Double Petal Earrings - Yellow Gold,"Paspaley Monsoon earrings featuring 4, 8-9mm keshi baroque Australian South Sea pearls set in 18kt yellow gold, with 247 white diamonds (1.71ct).",Out of stock,DY18E03YKQ09,22780,Monsoon,TRUE,Yellow gold,Earrings
pearl-earrings-monsoon-earring-enhancer-l-r-white-gold,Monsoon Earring Enhancer L+R - White Gold,none,Out of stock,DY18AE01WLR,3360,Monsoon,FALSE,White gold,Earrings
pearl-earrings-monsoon-earring-enhancer-l-r-yellow-gold,Monsoon Earring Enhancer L+R - Yellow Gold,none,In stock,DY18AE01YLR,3360,Monsoon,FALSE,Yellow gold,Earrings
pearl-earrings-monsoon-earring-enhancer-left-white-gold,Monsoon Earring Enhancer Left - White Gold,none,Out of stock,Y18AE01WL,1680,Monsoon,FALSE,White gold,Earrings
pearl-earrings-monsoon-earring-enhancer-left-yellow-gold,Monsoon Earring Enhancer Left - Yellow Gold,none,Out of stock,Y18AE01YL,1680,Monsoon,FALSE,Yellow gold,Earrings
pearl-earrings-monsoon-earring-enhancer-right-white-gold,Monsoon Earring Enhancer Right - White Gold,none,Out of stock,Y18AE01WR,1680,Monsoon,FALSE,White gold,Earrings
pearl-earrings-monsoon-earring-enhancer-right-yellow-gold,Monsoon Earring Enhancer Right - Yellow Gold,none,In stock,Y18AE01YR,1680,Monsoon,FALSE,Yellow gold,Earrings
pearl-earrings-monsoon-earring-enhancer-white-gold,Monsoon Earring Enhancer - White Gold,Paspaley Monsoon Earring Accessory in 750 White Gold with 33 White Diamonds (0.33ct).,Out of stock,DY18AE01W,1680,Monsoon,FALSE,White gold,Earrings
pearl-earrings-monsoon-earring-enhancer-yellow-gold,Monsoon Earring Enhancer - Yellow Gold,Paspaley Monsoon Earring Accessory in 750 Yellow Gold with 33 White Diamonds (0.33ct).,In stock,DY18AE01Y,1680,Monsoon,FALSE,Yellow gold,Earrings
pearl-earrings-monsoon-single-petal-earrings-white-gold,Monsoon Single Petal Earrings - White Gold,"Paspaley Monsoon earrings featuring 2, 9mm keshi baroque Australian South Sea pearls set in 18kt white gold, with 151 white diamonds (0.96ct).",In stock,DY18E04WKQ09,14960,Monsoon,TRUE,White gold,Earrings
pearl-earrings-monsoon-single-petal-earrings-yellow-gold,Monsoon Single Petal Earrings - Yellow Gold,"Paspaley Monsoon earrings featuring 2, 9mm keshi baroque Australian South Sea pearls set in 18kt yellow gold, with 151 white diamonds (0.96ct).",Out of stock,DY18E04YKQ09,14960,Monsoon,TRUE,Yellow gold,Earrings
pearl-earrings-monsoon-tsavorite-chandelier-earrings,Monsoon Tsavorite Chandelier Earrings,"Paspaley Monsoon Earrings in 750 White Gold with 4, 10mm Round, 2, 10mm Oval Australian South Sea Pearls, 106 White Diamonds (0.92ct) and 200 Tsavorites (2.36ct)",Out of stock,Y18E05WPR10,29800,Monsoon,FALSE,Other,Earrings
pearl-earrings-pearls-my-way-10mm-circle-earrings-yellow-gold,Pearls My Way 10mm Circle Earrings - Yellow Gold,"Paspaley earrings featuring two 10mm circle pearls set in 18kt yellow gold, with six white diamonds (0.02ct).",In stock,DC16E02YPC10,2460,Pearls My Way,FALSE,Yellow gold,Earrings
pearl-earrings-pearls-my-way-10mm-oval-earrings-white-gold,Pearls My Way 10mm Oval Earrings - White Gold,"Paspaley earrings featuring two, 10mm oval pearls set in 18kt white gold with 12 white diamonds (0.04ct)",In stock,DC16E02WPO10,4160,Pearls My Way,FALSE,White gold,Earrings
pearl-earrings-pearls-my-way-diamond-earrings-10mm-oval-yellow-gold,Pearls My Way Diamond Earrings 10mm Oval - Yellow Gold,"Paspaley earrings featuring two, 10mm oval pearls set in 18kt yellow gold with 30 white diamonds (0.23ct)",In stock,DC16E05YPO10,5760,Pearls My Way,FALSE,Yellow gold,Earrings
pearl-earrings-pearls-my-way-diamond-earrings-12mm-oval-white-gold,Pearls My Way Diamond Earrings 12mm Oval  - White Gold,"Paspaley earrings featuring two 12mm oval pearls set in 18kt white gold, with 30 white diamonds (0.23ct).",In stock,DC16E05WPO12,6260,Pearls My Way,FALSE,White gold,Earrings
pearl-earrings-pearls-my-way-pave-earrings-13mm-round-white-gold,Pearls My Way Pave Earrings 13mm Round - White Gold,"Paspaley earrings featuring two, 13mm round pearls set in 18kt white gold with 72 white diamonds (0.65ct)",In stock,DC16E06WPR13,11960,Pearls My Way,FALSE,White gold,Earrings
pearl-earrings-rockpool-clam-shell-earrings-white-gold,Rockpool Clam Shell Earrings - White Gold,"Paspaley earrings featuring two, 5mm keshi baroque pearls set in 18kt white gold, with 278 white diamonds (1.76ct) and mother-of-pearl.",In stock,DC16E06WX17AE11,14560,Rockpool,TRUE,White gold,Earrings
pearl-earrings-rockpool-clam-shell-earrings-yellow-gold,Rockpool Clam Shell Earrings - Yellow Gold,"Paspaley earrings featuring two, 5mm keshi baroque pearls set in 18kt yellow gold, with 278 white diamonds (1.76ct) and mother-of-pearl.",In stock,DC16E06YX17AE11,14560,Rockpool,TRUE,Yellow gold,Earrings
pearl-earrings-rockpool-cluster-earrings-platinum,Rockpool Cluster Earrings - Platinum,"Paspaley earrings featuring six, 6mm keshi baroque pearls set in platinum with and two white diamonds (0.37ct).",In stock,X17E13PKQ06,8880,Rockpool,TRUE,Platinum,Earrings
pearl-earrings-rockpool-paraiba-earrings-platinum,Rockpool Paraiba Earrings - Platinum,"Paspaley earrings featuring 14, 7-9mm keshi baroque pearls set in platinum, with 2 Paraiba tourmalines (7.86ct) and 197 white diamonds (1.89ct).",Out of stock,X17E12PKQ09,68800,Rockpool,TRUE,Platinum,Earrings
pearl-earrings-rockpool-pave-shell-earrings-white-gold,Rockpool Pave Shell Earrings - White Gold,"Paspaley earrings featuring two, 12mm round pearls set in 18kt white gold with 724 white diamonds (2.70ct).",Out of stock,X17E10WPR12,29800,Rockpool,FALSE,White gold,Earrings
pearl-earrings-rockpool-pave-shell-earrings-yellow-gold,Rockpool Pave Shell Earrings - Yellow Gold,"Paspaley earrings featuring two, 12mm round pearls set in 18kt yellow gold with 724 white diamonds (2.70ct).",Out of stock,X17E10YPR12,29800,Rockpool,FALSE,Yellow gold,Earrings
pearl-earrings-round-pearl-studs-9mm,Round Pearl Studs - 9mm,"Paspaley stud earrings featuring two, 9mm round pearls set in 18kt yellow gold.",In stock,C00E40YPR09,2380,Other,FALSE,Yellow gold,Earrings
pearl-earrings-shepherd-hook-earrings-circle-white-gold,Shepherd Hook Earrings Circle - White Gold,Paspaley Shepherd Hook earrings featuring two 10-11mm circlé pearls set in 18kt white gold.,In stock,C18E42WPC11,1580,Other,FALSE,White gold,Earrings
pearl-earrings-shepherd-hook-earrings-circle-yellow-gold,Shepherd Hook Earrings Circle - Yellow Gold,Paspaley Shepherd Hook earrings featuring two 10-11mm circlé pearls set in 18kt yellow gold.,In stock,C18E42YPC11,1580,Other,FALSE,Yellow gold,Earrings
pearl-earrings-shepherd-hook-earrings-oval-white-gold,Shepherd Hook Earrings Oval - White Gold,Paspaley Shepherd Hook earrings featuring two 11mm oval pearls set in 18kt white gold.,In stock,C18E42WPO11,2980,Other,FALSE,White gold,Earrings
pearl-earrings-shepherd-hook-earrings-oval-yellow-gold,Shepherd Hook Earrings Oval - Yellow Gold,Paspaley Shepherd Hook earrings featuring two 11mm oval pearls set in 18kt yellow gold.,In stock,C18E42YPO11,2980,Other,FALSE,Yellow gold,Earrings
pearl-earrings-touchstone-black-diamond-earrings-white-gold,Touchstone Black Diamond Earrings - White Gold,"Paspaley earrings featuring two, 11mm oval pearls set in 18kt white gold, with 22 black diamonds (0.77ct) and two white diamonds (0.07ct).",In stock,V16E02WPO11,6280,Touchstone,FALSE,White gold,Earrings
pearl-earrings-touchstone-ruby-earrings-yellow-gold,Touchstone Ruby Earrings - Yellow Gold,"Paspaley earrings featuring two, 12mm triangle pearls set in 18kt yellow gold, with 22 rubies (0.66ct) and two white diamonds (0.07ct).",Out of stock,V14E02YPT12,4980,Touchstone,FALSE,Yellow gold,Earrings
pearl-necklaces-baroque-pearl-swap-white-gold,Baroque Pearl Swap - White Gold,"Paspaley swap clasp featuring one, 13mm baroque pearl with an 18kt white gold mechanism. Nitrile chord and cascade available separately.",In stock,C00L01WPQ13,2280,Other,FALSE,White gold,Necklace
pearl-necklaces-bella-pendant-white-gold,Bella Pendant - White Gold,Paspaley pendant featuring a 13mm semi round pearl set in 18kt white gold. Chain sold separately.,In stock,C00P04WPS13,3280,Other,FALSE,White gold,Necklace
pearl-necklaces-bella-pendant-yellow-gold,Bella Pendant - Yellow Gold,Paspaley pendant featuring a 13mm round pearl set in 18kt yellow gold. Chain sold separately.,Out of stock,C00P04YPR13,3750,Other,FALSE,Yellow gold,Necklace
pearl-necklaces-circle-bella-petite-pendant-white-gold,Circlé Bella Petite Pendant - White Gold,Paspaley pendant featuring a 11mm circlé pearl set in 18kt white gold. Chain sold separately.,In stock,C00P05WPC11,880,Other,FALSE,White gold,Necklace
pearl-necklaces-circle-bella-petite-pendant-yellow-gold,Circlé Bella Petite Pendant - Yellow Gold,Paspaley pendant featuring a 11mm circlé pearl set in 18kt yellow gold. Chain sold separately.,In stock,C00P05YPC11,880,Other,FALSE,Yellow gold,Necklace
pearl-necklaces-diamond-touchstone-pendant-13mm-oval-yellow-gold,Diamond Touchstone Pendant 13mm Oval  - Yellow Gold,"Paspaley pendant featuring one 13mm oval pearl set in 18kt yellow gold, with 23 white diamonds (0.23ct). Chain sold separately.",In stock,DC18P04YPO13,5160,Touchstone,FALSE,Yellow gold,Necklace
pearl-necklaces-grace-pendant-rose-gold,Grace Pendant - Rose Gold,"Paspaley pendant featuring a 12mm round pearl set in 18kt rose gold, with one white diamond (0.25ct). Chain sold separately.",In stock,C00P28RPR12,4780,Other,FALSE,Rose gold,Necklace
pearl-necklaces-grace-pendant-white-gold,Grace Pendant - White Gold,"Paspaley pendant featuring a 12mm round pearl set in 18kt white gold, with one white diamond (0.25ct). Chain sold separately.",In stock,C00P28WPR12,4780,Other,FALSE,White gold,Necklace
pearl-necklaces-grace-pendant-yellow-gold,Grace Pendant - Yellow Gold,"Paspaley pendant featuring a 12mm round pearl set in 18kt yellow gold, with one white diamond (0.25ct). Chain sold separately.",In stock,C00P28YPR12,4780,Other,FALSE,Yellow gold,Necklace
pearl-necklaces-large-grace-pendant-white-gold,Large Grace Pendant - White Gold,"Paspaley pendant featuring a 14mm round pearl set in 18kt white gold, with one white diamond (0.25ct). Chain sold separately.",In stock,C00P28WPR14,5780,Other,FALSE,White gold,Necklace
pearl-necklaces-large-grace-pendant-yellow-gold,Large Grace Pendant - Yellow Gold,"Paspaley pendant featuring a 14mm round pearl set in 18kt yellow gold, with one white diamond (0.25ct). Chain sold separately.",In stock,C00P28YPR14,5780,Other,FALSE,Yellow gold,Necklace
pearl-necklaces-lavalier-circle-rose-gold,Lavalier Circlé - Rose Gold,"Paspaley necklace featuring a loose 15mm circlé pearl encased in 18kt rose gold, with 12 white diamonds on clasp (0.03ct). Length is adjustable (40-73cm).",In stock,DH16N01RC,5160,Lavalier,FALSE,Rose gold,Necklace
pearl-necklaces-lavalier-circle-white-gold,Lavalier Circlé - White Gold,"Paspaley necklace featuring a loose 15mm circlé pearl encased in 18kt white gold, with 12 white diamonds on clasp (0.03ct). Length is adjustable (40-73cm).",In stock,DH13N01W83C,5160,Lavalier,FALSE,White gold,Necklace
pearl-necklaces-lavalier-circle-yellow-gold,Lavalier Circlé - Yellow Gold,"Paspaley necklace featuring a loose 15mm circlé pearl encased in 18kt yellow gold, with 12 white diamonds on clasp (0.03ct). Length is adjustable (40-73cm).",In stock,DH13N01Y83C,5160,Lavalier,FALSE,Yellow gold,Necklace
pearl-necklaces-lavalier-opal-hero-rose-gold,Lavalier Opal Hero - Rose Gold,"Paspaley necklace featuring a loose 16mm round pearl encased in 18kt rose gold, with 30 opals (0.90ct), 68 white diamonds (0.90ct), and one 6mm keshi pearl. Length is adjustable (42-85cm).",Out of stock,DH15N30RH,25600,Lavalier,TRUE,Rose gold,Necklace
pearl-necklaces-lavalier-petite-circle-white-gold,Lavalier Petite Circlé - White Gold,"Paspaley necklace featuring a loose 13mm circlé pearl encased in 18kt white gold, with 12 white diamonds on claps (0.02ct). Length is adjustable (40cm-78cm).",In stock,DH14N20WC,3860,Lavalier,FALSE,White gold,Necklace
pearl-necklaces-lavalier-petite-circle-yellow-gold,Lavalier Petite Circlé - Yellow Gold,"Paspaley necklace featuring a loose 13mm circlé pearl encased in 18kt yellow gold, with 12 white diamonds on clasp (0.02ct). Length is adjustable (40cm-78cm).",In stock,DH14N20YC,3860,Lavalier,FALSE,Yellow gold,Necklace
pearl-necklaces-lavalier-petite-diamond-rose-gold,Lavalier Petite Diamond - Rose Gold,"Paspaley necklace featuring a loose 13mm circlé pearl encased in 18ct rose gold, with 51 white diamonds on clasp (0712ct). Length is adjustable (40cm-78cm).",Out of stock,DH17N21RC,8960,Lavalier,FALSE,Rose gold,Necklace
pearl-necklaces-maxima-black-necklet-white-gold,Maxima Black Necklet - White Gold,"Paspaley necklace set in 18kt white gold, with black mother-of-pearl and 76 white diamonds (0.30ct).",In stock,W17N01W,3880,Maxima,FALSE,White gold,Necklace
pearl-necklaces-maxima-black-rope-necklace-white-gold,Maxima Black Rope Necklace - White Gold,"Paspaley necklace featuring one, 11mm round pearl and black mother-of-pearl, with 2017 white diamonds (6.10ct), set in 18kt white gold.",Out of stock,W17N02WPR11,59800,Maxima,FALSE,White gold,Necklace
pearl-necklaces-maxima-chain-necklace-rose-gold,Maxima Chain Necklace – Rose Gold,Paspaley necklace featuring 11 Australian opals (6.35ct) and 101 white diamonds (0.60ct) set in 18kt rose gold.,In stock,W18N05R,17800,Maxima,FALSE,Rose gold,Necklace
pearl-necklaces-maxima-necklet-rose-gold,Maxima Necklet – Rose Gold,Paspaley necklace with one Australian opal (1.10ct) and 19 white diamonds (0.12ct) set in 18kt rose gold.,In stock,W18N06R,3980,Maxima,FALSE,Rose gold,Necklace
pearl-necklaces-maxima-necklet-yellow-gold,Maxima Necklet - Yellow Gold,"Paspaley necklace featuring mother-of-pearl set in 18kt yellow gold, with 12 white diamonds (0.05ct).",In stock,W15N01Y,1780,Maxima,FALSE,Yellow gold,Necklace
pearl-necklaces-maxima-pearl-rope-necklace-yellow-gold,Maxima Pearl Rope Necklace - Yellow Gold,"Paspaley necklace featuring nine, 11-12mm round pearls set in 18kt yellow gold with mother-of-pearl and 232 white diamonds (1.2ct).",Out of stock,W15N11YPR12,34800,Maxima,FALSE,Yellow gold,Necklace
pearl-necklaces-maxima-rope-necklace-rose-gold,Maxima Rope Necklace – Rose Gold,"Paspaley necklace with 23 Australian opals (13.10ct) and 197 white diamonds (1.20ct), set in 18kt rose gold.",Out of stock,W18N07R,36800,Maxima,FALSE,Rose gold,Necklace
pearl-necklaces-maxima-rope-necklace-yellow-gold,Maxima Rope Necklace - Yellow Gold,Paspaley necklace featuring mother-of-pearl set in 18kt yellow gold with 30 white diamonds (0.62ct).,In stock,W15N02Y,9980,Maxima,FALSE,Yellow gold,Necklace
pearl-necklaces-maxima-single-pearl-necklace-white-gold,Maxima Single Pearl Necklace - White Gold,"Paspaley Maxima mother-of-pearl necklace featuring one, 15mm round Australian South Sea pearl set in 750 white gold with two hundred and nine white diamonds, total 1.20 carats.",In stock,W15N07WPR15,22800,Maxima,FALSE,White gold,Necklace
pearl-necklaces-monsoon-budding-flower-pendant-white-gold,Monsoon Budding Flower Pendant - White Gold,"Paspaley Monsoon pendant featuring a 12mm oval Australian South Sea pearl set in 18kt white gold, with 45 white diamonds (0.31ct) and 201 tsavorites (2.80ct).",Out of stock,Y18P06WPO12,16800,Monsoon,FALSE,White gold,Necklace
pearl-necklaces-monsoon-budding-flower-pendant-yellow-gold,Monsoon Budding Flower Pendant - Yellow Gold,"Paspaley Monsoon pendant featuring a 12mm oval Australian South Sea pearl set in 18kt yellow gold, with 201 yellow diamonds and 45 white diamonds (3.11ct).",Out of stock,Y18P07YPO12,35800,Monsoon,FALSE,Yellow gold,Necklace
pearl-necklaces-monsoon-large-cicada-pendant-white-gold,Monsoon Large Cicada Pendant - White Gold,"Paspaley Monsoon pendant featuring a 16mm oval drop Australian South Sea pearl set in 18kt white gold, with, 2 emeralds (0.28ct) and 438 white diamonds (2.38ct).",Out of stock,Y18P30WPO16,32800,Monsoon,FALSE,White gold,Necklace
pearl-necklaces-monsoon-large-cicada-pendant-yellow-gold,Monsoon Large Cicada Pendant - Yellow Gold,"Paspaley Monsoon pendant featuring a 16mm oval drop Australian South Sea pearl set in 18kt yellow gold, with 2 emeralds (0.28ct) and 438 white diamonds (2.38ct).",Out of stock,Y18P30YPO16,32800,Monsoon,FALSE,Yellow gold,Necklace
pearl-necklaces-monsoon-petal-pendant-necklace-yellow-gold,Monsoon Petal Pendant Necklace - Yellow Gold,Paspaley Monsoon Necklace in 750 Yellow Gold with a 10mm Keshi Baroque Australian South Sea Pearl and 81 White Diamonds (0.58ct). Length 52cms.,In stock,Y18N04YKQ10,7680,Monsoon,TRUE,Yellow gold,Necklace
pearl-necklaces-monsoon-wildflower-collier-yellow-gold,Monsoon Wildflower Collier - Yellow Gold,"Paspaley Monsoon Unique Collier in 750 Yellow Gold with 77, 4-11mm Keshi Baroque Australian South Sea Pearls, 82 White Diamonds (3.40ct) and 397 Yellow Diamonds (8.36ct).",Out of stock,Y18N03YKQ11,228000,Monsoon,TRUE,Yellow gold,Necklace
pearl-necklaces-oval-bella-petite-pendant-yellow-gold,Oval Bella Petite Pendant - Yellow Gold,Paspaley pendant featuring a 11mm oval pearl set in 18kt yellow gold. Chain sold separately.,In stock,C00P05YPO11,1780,Other,FALSE,Yellow gold,Necklace
pearl-necklaces-palais-pearl-necklace-rose-gold,Palais Pearl Necklace - Rose Gold,"Paspaley necklace featuring a 13mm triangle pearl set in 18kt rose gold, with 12 white diamonds (0.06ct).",Out of stock,C00N15RPT13,2780,Other,FALSE,Rose gold,Necklace
pearl-necklaces-palais-pearl-necklace-white-gold,Palais Pearl Necklace - White Gold,"Paspaley necklace featuring a 14mm triangle pearl set in 18kt white gold, with 30 white diamonds (0.20ct).",In stock,C00N14WPT14,3280,Other,FALSE,White gold,Necklace
pearl-necklaces-palais-pearl-necklace-yellow-gold,Palais Pearl Necklace - Yellow Gold,"Paspaley necklace featuring a 14mm triangle pearl set in 18kt yellow gold, with 30 white diamonds (0.20ct).",In stock,C00N14YPT14,3280,Other,FALSE,Yellow gold,Necklace
pearl-necklaces-pearls-my-way-pave-pendant-14mm-round-white-gold,Pearls My Way Pave Pendant 14mm Round - White Gold,"Paspaley pendant featuring one 14mm round pearl set in 18kt white gold, with 49 white diamonds (0.26ct). Chain sold separately.",In stock,DC18P03WPR14,8960,Pearls My Way,FALSE,White gold,Necklace
pearl-necklaces-rockpool-long-chain-white-gold,Rockpool Long Chain - White Gold,"Paspaley Australian South Sea Keshi chain in 18kt white gold with 20, 5mm Keshi baroque pearls and 18 white diamonds (0.44ct). Pendant sold separately.",In stock,X17C10WKQ05,10800,Rockpool,TRUE,White gold,Necklace
pearl-necklaces-rockpool-paraiba-collier-platinum,Rockpool Paraiba Collier - Platinum,"Paspaley collier featuring 110, 5-11mm keshi baroque pearls set in platinum, with 15 Paraiba tourmalines (82.47ct) and 521 white diamonds (11.78ct).",Out of stock,X17N10PKQ11,388000,Rockpool,TRUE,Platinum,Necklace
pearl-necklaces-rockpool-pendant-white-gold,Rockpool Pendant - White Gold,"Paspaley pendant featuring a 6mm keshi baroque pearl set in 18kt white gold, with mother-of-pearl and 122 white diamonds (0.54ct). Chain sold separately.",In stock,X17P11WKQ06,9280,Rockpool,TRUE,White gold,Necklace
pearl-necklaces-rockpool-pendant-yellow-gold,Rockpool Pendant - Yellow Gold,"Paspaley pendant featuring a 6mm keshi baroque pearl set in 18kt yellow gold, with mother-of-pearl and 122 white diamonds (0.54ct). Chain sold separately.",In stock,X17P11YKQ06,9280,Rockpool,TRUE,Yellow gold,Necklace
pearl-necklaces-rockpool-petite-pendant-white-gold,Rockpool Petite Pendant - White Gold,"Paspaley pendant featuring mother-of-pearl set in 18kt white gold, with 91 white diamonds (0.46ct). Chain sold separately.",In stock,X17P10W,7280,Rockpool,FALSE,White gold,Necklace
pearl-necklaces-rockpool-petite-pendant-yellow-gold,Rockpool Petite Pendant - Yellow Gold,"Paspaley pendant featuring mother-of-pearl set in 18kt yellow gold, with 91 white diamonds (0.46ct). Chain sold separately.",In stock,X17P10Y,7280,Rockpool,FALSE,Yellow gold,Necklace
pearl-necklaces-rockpool-short-chain-yellow-gold,Rockpool Short Chain - Yellow Gold,"Paspaley necklace featuring 10, 5mm keshi baroque pearls set in 18kt yellow gold, with 12 white diamonds (0.23ct). Pendant sold separately.",In stock,X17C11YKQ05,6880,Rockpool,TRUE,Yellow gold,Necklace
pearl-necklaces-rockpool-tanzanite-collier-platinum,Rockpool Tanzanite Collier - Platinum,"Paspaley collier featuring 70, 4-6mm keshi baroque pearls set in platinum, with 10 tanzanites (55.59ct) and 1904 white diamonds (28.26ct) and 131 amethysts (3.44ct).",Out of stock,X17N11PKQ06,258000,Rockpool,TRUE,Platinum,Necklace
pearl-necklaces-semi-round-pearl-swap-yellow-gold,Semi Round Pearl Swap - Yellow Gold,"Paspaley swap featuring one, 14mm semi round pearl with an 18kt yellow gold mechanism. Nitrile chord and cascade available separately.",Out of stock,C00L01YPS14,4480,Other,FALSE,Yellow gold,Necklace
pearl-necklaces-touchstone-black-diamond-necklace-white-gold,Touchstone Black Diamond Necklace - White Gold,"Paspaley necklace featuring seven, 12mm oval pearls set in 18kt white gold, with 140 black diamonds (1.21ct) and 12 white diamonds (0.03ct).",In stock,V16N01WPO12,13800,Touchstone,FALSE,White gold,Necklace
pearl-necklaces-touchstone-long-ruby-necklace-yellow-gold,Touchstone Long Ruby Necklace - Yellow Gold,"Paspaley necklace featuring 12, 12mm button pearls set in 18kt yellow gold, with 272 rubies (4.27ct).",Out of stock,V14N03YPB12,24800,Touchstone,FALSE,Yellow gold,Necklace
pearl-necklaces-touchstone-ruby-12mm-round-pendant-yellow-gold,Touchstone Ruby 12mm Round Pendant - Yellow Gold,"Paspaley pendant featuring one, 12mm round pearl set in 18kt yellow gold, with 22 rubies (0.25ct) and 12 white diamonds (0.06ct). Chain sold separately.",In stock,DC18P06YPR12,6760,Touchstone,FALSE,Yellow gold,Necklace
pearl-necklaces-touchstone-ruby-necklace-yellow-gold,Touchstone Ruby Necklace - Yellow Gold,"Paspaley necklace featuring a 13mm triangle pearl set in 18kt yellow gold, with ten rubies (0.10ct) and 12 white diamonds (0.03ct).",Out of stock,V14N04YPT13,3280,Touchstone,FALSE,Yellow gold,Necklace
pearl-necklaces-touchstone-ruby-tassel-yellow-gold,Touchstone Ruby Tassel - Yellow Gold,"Paspaley necklace featuring one, 13mm triangle pearl set in 18kt yellow gold, with 25 rubies (1.08ct) and 52 white diamonds (0.24ct).",In stock,V14N06YPT13,7280,Touchstone,FALSE,Yellow gold,Necklace
pearl-rings-embrace-the-sea-ring-yellow-gold,Embrace the Sea Ring - Yellow Gold,"Paspaley ring featuring a 10mm keshi baroque pearl set in 18kt yellow gold, with 16 white diamonds (0.29ct).",In stock,C00R12YKQ10,3980,Other,TRUE,Yellow gold,Ring
pearl-rings-julia-ring-white-gold,Julia Ring - White Gold,"Paspaley ring featuring a 9mm-10mm keshi baroque pearl set in 18kt white gold, with two white diamonds (0.03ct).",In stock,DC00R02WKQ10,1780,Other,TRUE,White gold,Ring
pearl-rings-julia-ring-yellow-gold,Julia Ring - Yellow Gold,"Paspaley ring featuring a 9mm-10mm keshi baroque pearl set in 18kt yellow gold, with two white diamonds (0.03ct).",In stock,DC00R02YKQ10,1780,Other,TRUE,Yellow gold,Ring
pearl-rings-keshi-cluster-ring-yellow-gold,Keshi Cluster Ring - Yellow Gold,"Paspaley ring featuring three, 5mm-7mm keshi baroque pearls set in 18kt yellow gold.",In stock,C00R11YKQ05,1780,Other,TRUE,Yellow gold,Ring
pearl-rings-keshi-eternity-ring-white-gold,Keshi Eternity Ring - White Gold,"Paspaley ring featuring a 10mm keshi baroque pearl set in 18kt white gold, with 12 white diamonds (0.30ct).",In stock,C11R10WKQ10,3280,Other,TRUE,White gold,Ring
pearl-rings-keshi-eternity-ring-yellow-gold,Keshi Eternity Ring - Yellow Gold,"Paspaley ring featuring a 10mm keshi baroque pearl set in 18kt yellow gold, with 12 white diamonds (0.30ct).",In stock,C11R10YKQ10,3280,Other,TRUE,Yellow gold,Ring
pearl-rings-maxima-black-ring-white-gold,Maxima Black Ring - White Gold,"Paspaley ring featuring black mother-of-pearl set in 18kt white gold, with 70 white diamonds (0.70ct).",In stock,DW17R01W,6280,Maxima,FALSE,White gold,Ring
pearl-rings-maxima-ring-rose-gold,Maxima Ring – Rose Gold,"Paspaley ring with two Australian opals (1.50ct) and 44 white diamonds (0.50ct), set in 18kt rose gold.",In stock,DW18R05R,5980,Maxima,FALSE,Rose gold,Ring
pearl-rings-maxima-ring-yellow-gold,Maxima Ring - Yellow Gold,"Paspaley ring featuring mother-of-pearl set in 18kt yellow gold, with two white diamonds.",In stock,DW15R01Y,1580,Maxima,FALSE,Yellow gold,Ring
pearl-rings-maxima-snake-ring-rose-gold,Maxima Snake Ring – Rose Gold,"Paspaley ring with one 11mm round pearl, two Australian opals (1.40ct) and 57 white diamonds (0.60ct), set in 18kt rose gold.",In stock,DW18R06RPR11,9880,Maxima,FALSE,Rose gold,Ring
pearl-rings-maxima-snake-ring-yellow-gold,Maxima Snake Ring - Yellow Gold,"Paspaley ring featuring one, 11mm round pearl set in 18kt yellow gold, with mother-of-pearl and 57 white diamonds (0.60ct).",In stock,DW17R02YPR11,6980,Maxima,FALSE,Yellow gold,Ring
pearl-rings-monsoon-large-button-ring-white-gold,Monsoon Large Button Ring - White Gold,Paspaley Monsoon Ring in 750 White Gold with a 15mm Button Australian South Sea Pearl and White Diamonds.,In stock,DY18R02WPB15,24800,Monsoon,FALSE,White gold,Ring
pearl-rings-monsoon-large-button-ring-yellow-gold,Monsoon Large Button Ring - Yellow Gold,Paspaley Monsoon Ring in 750 Yellow Gold with a 15mm Button Australian South Sea Pearl and White Diamonds.,In stock,DY18R02YPB15,24800,Monsoon,FALSE,Yellow gold,Ring
pearl-rings-monsoon-wildflower-ring-yellow-gold,Monsoon Wildflower Ring - Yellow Gold,"Paspaley Monsoon ring featuring 2, 5-11mm keshi baroque Australian South Sea pearls set in 18kt yellow gold, with 108 yellow diamonds and 36 white diamonds (2.10ct).",Out of stock,Y18R06YKQ11,24800,Monsoon,TRUE,Yellow gold,Ring
pearl-rings-monsoon-wrap-ring-white-gold,Monsoon Wrap Ring - White Gold,Paspaley Monsoon Ring in 750 White Gold with a 9mm Oval Australian South Sea Pearl and 69 White Diamonds (0.72ct).,In stock,DY18R01WPO09,6980,Monsoon,FALSE,White gold,Ring
pearl-rings-monsoon-wrap-ring-yellow-gold,Monsoon Wrap Ring - Yellow Gold,Paspaley Monsoon Ring in 750 Yellow Gold with a 9mm Oval Australian South Sea Pearl and 69 White Diamonds (0.72ct).,In stock,DY18R01YPO09,6980,Monsoon,FALSE,Yellow gold,Ring
pearl-rings-pave-cherish-ring-white-gold,Pavé Cherish Ring - White Gold,"Paspaley ring featuring a 10mm round pearl set in 18kt white gold, with 40 white diamonds (0.20ct).",Out of stock,C11R08WPR10,3980,Other,FALSE,White gold,Ring
pearl-rings-pave-cherish-ring-yellow-gold,Pave Cherish Ring - Yellow Gold,"Paspaley ring featuring a 10mm round pearl set in 18kt yellow gold, with 40 white diamonds (0.20ct).",In stock,C11R08YPR10,3980,Other,FALSE,Yellow gold,Ring
pearl-rings-rockpool-ring-white-gold,Rockpool Ring - White Gold,"Paspaley ring featuring one, 11mm round pearl set in 18kt white gold, with 112 white diamonds (0.35ct).",In stock,DX17R10WPR11,7680,Rockpool,FALSE,White gold,Ring
pearl-rings-touchstone-black-diamond-ring-white-gold,Touchstone Black Diamond Ring - White Gold,"Paspaley ring featuring a 9-10mm oval pearl set in 18kt white gold, with 39 black diamonds (0.48ct).",Out of stock,DV16R01WPO09,4980,Touchstone,FALSE,White gold,Ring
pearl-rings-touchstone-diamond-ring-yellow-gold,Touchstone Diamond Ring - Yellow Gold,"Paspaley ring featuring a 9-10mm oval pearl set in 18kt yellow gold, with 39 white diamonds (0.48ct).",In stock,DV16R01YPO09,5480,Touchstone,FALSE,Yellow gold,Ring
pearl-rings-touchstone-ruby-ring-yellow-gold,Touchstone Ruby Ring - Yellow Gold,"Paspaley ring featuring a 9-10mm oval pearl set in 18kt yellow gold, with 39 rubies (0.48ct).",Out of stock,DV16R02YPO09,4780,Touchstone,FALSE,Yellow gold,Ring
petite-circle-strand,Petite Circle Strand,"Paspaley 43.5cm choker length strand featuring 40, 10-12mm circle pearls. Identified by the Paspaley Strand Signature, a brilliant cut diamond set seamlessly in the end pearl.",Out of stock,SCPC1012098,9980,Strand,FALSE,Other,Necklace
